match,teamInnings,battingPos,batsmanName,runs,balls,4s,6s,SR,out/not_out,match_id
PAK vs ENG,PAK,1,Mohammad Rizwan,15,14,0,1,107.14,out,T20I # 1879
PAK vs ENG,PAK,2,Babar Azam,32,28,2,0,114.28,out,T20I # 1879
PAK vs ENG,PAK,3,Mohammad Haris,8,12,1,0,66.66,out,T20I # 1879
PAK vs ENG,PAK,4,Shan Masood,38,28,2,1,135.71,out,T20I # 1879
PAK vs ENG,PAK,5,Iftikhar Ahmed,0,6,0,0,0.00,out,T20I # 1879
PAK vs ENG,PAK,6,Shadab Khan,20,14,2,0,142.85,out,T20I # 1879
PAK vs ENG,PAK,7,Mohammad Nawaz,5,7,0,0,71.42,out,T20I # 1879
PAK vs ENG,PAK,8,Mohammad Wasim,4,8,0,0,50.00,out,T20I # 1879
PAK vs ENG,PAK,9,Shaheen Shah Afridi,5,3,1,0,166.66,not_out,T20I # 1879
PAK vs ENG,PAK,10,Haris Rauf,1,1,0,0,100.00,not_out,T20I # 1879
PAK vs ENG,ENG,1,Jos Buttler,26,17,3,1,152.94,out,T20I # 1879
PAK vs ENG,ENG,2,Alex Hales,1,2,0,0,50.00,out,T20I # 1879
PAK vs ENG,ENG,3,Phil Salt,10,9,2,0,111.11,out,T20I # 1879
PAK vs ENG,ENG,4,Ben Stokes,52,49,5,1,106.12,not_out,T20I # 1879
PAK vs ENG,ENG,5,Harry Brook,20,23,1,0,86.95,out,T20I # 1879
PAK vs ENG,ENG,6,Moeen Ali,19,13,3,0,146.15,out,T20I # 1879
PAK vs ENG,ENG,7,Liam Livingstone,1,1,0,0,100.00,not_out,T20I # 1879
IND vs ENG,IND,1,KL Rahul,5,5,1,0,100.00,out,T20I # 1878
IND vs ENG,IND,2,Rohit Sharma,27,28,4,0,96.42,out,T20I # 1878
IND vs ENG,IND,3,Virat Kohli,50,40,4,1,125.00,out,T20I # 1878
IND vs ENG,IND,4,Suryakumar Yadav,14,10,1,1,140.00,out,T20I # 1878
IND vs ENG,IND,5,Hardik Pandya,63,33,4,5,190.90,out,T20I # 1878
IND vs ENG,IND,6,Rishabh Pant,6,4,1,0,150.00,out,T20I # 1878
IND vs ENG,IND,7,Ravichandran Ashwin,0,0,0,0,-,not_out,T20I # 1878
IND vs ENG,ENG,1,Jos Buttler,80,49,9,3,163.26,not_out,T20I # 1878
IND vs ENG,ENG,2,Alex Hales,86,47,4,7,182.97,not_out,T20I # 1878
NZ vs PAK,NZ,1,Finn Allen,4,3,1,0,133.33,out,T20I # 1877
NZ vs PAK,NZ,2,Devon Conway,21,20,3,0,105.00,out,T20I # 1877
NZ vs PAK,NZ,3,Kane Williamson,46,42,1,1,109.52,out,T20I # 1877
NZ vs PAK,NZ,4,Glenn Phillips,6,8,1,0,75.00,out,T20I # 1877
NZ vs PAK,NZ,5,Daryl Mitchell,53,35,3,1,151.42,not_out,T20I # 1877
NZ vs PAK,NZ,6,James Neesham,16,12,1,0,133.33,not_out,T20I # 1877
NZ vs PAK,PAK,1,Mohammad Rizwan,57,43,5,0,132.55,out,T20I # 1877
NZ vs PAK,PAK,2,Babar Azam,53,42,7,0,126.19,out,T20I # 1877
NZ vs PAK,PAK,3,Mohammad Haris,30,26,2,1,115.38,out,T20I # 1877
NZ vs PAK,PAK,4,Shan Masood,3,4,0,0,75.00,not_out,T20I # 1877
NZ vs PAK,PAK,5,Iftikhar Ahmed,0,0,0,0,-,not_out,T20I # 1877
IND vs ZIM,IND,1,KL Rahul,51,35,3,3,145.71,out,T20I # 1873
IND vs ZIM,IND,2,Rohit Sharma,15,13,2,0,115.38,out,T20I # 1873
IND vs ZIM,IND,3,Virat Kohli,26,25,2,0,104.00,out,T20I # 1873
IND vs ZIM,IND,4,Suryakumar Yadav,61,25,6,4,244.00,not_out,T20I # 1873
IND vs ZIM,IND,5,Rishabh Pant,3,5,0,0,60.00,out,T20I # 1873
IND vs ZIM,IND,6,Hardik Pandya,18,18,2,0,100.00,out,T20I # 1873
IND vs ZIM,IND,7,Axar Patel,0,0,0,0,-,not_out,T20I # 1873
IND vs ZIM,ZIM,1,Wessly Madhevere,0,1,0,0,0.00,out,T20I # 1873
IND vs ZIM,ZIM,2,Craig Ervine,13,15,2,0,86.66,out,T20I # 1873
IND vs ZIM,ZIM,3,Regis Chakabva,0,6,0,0,0.00,out,T20I # 1873
IND vs ZIM,ZIM,4,Sean Williams,11,18,0,1,61.11,out,T20I # 1873
IND vs ZIM,ZIM,5,Sikandar Raza,34,24,3,0,141.66,out,T20I # 1873
IND vs ZIM,ZIM,6,Tony Munyonga,5,4,1,0,125.00,out,T20I # 1873
IND vs ZIM,ZIM,7,Ryan Burl,35,22,5,1,159.09,out,T20I # 1873
IND vs ZIM,ZIM,8,Wellington Masakadza,1,7,0,0,14.28,out,T20I # 1873
IND vs ZIM,ZIM,9,Richard Ngarava,1,2,0,0,50.00,out,T20I # 1873
IND vs ZIM,ZIM,10,Tendai Chatara,4,4,1,0,100.00,out,T20I # 1873
IND vs ZIM,ZIM,11,Blessing Muzarabani,0,2,0,0,0.00,not_out,T20I # 1873
BAN vs PAK,BAN,1,Najmul Hossain Shanto,54,48,7,0,112.50,out,T20I # 1872
BAN vs PAK,BAN,2,Litton Das,10,8,0,1,125.00,out,T20I # 1872
BAN vs PAK,BAN,3,Soumya Sarkar,20,17,1,1,117.64,out,T20I # 1872
BAN vs PAK,BAN,4,Shakib Al Hasan,0,1,0,0,0.00,out,T20I # 1872
BAN vs PAK,BAN,5,Afif Hossain,24,20,3,0,120.00,not_out,T20I # 1872
BAN vs PAK,BAN,6,Mosaddek Hossain,5,11,0,0,45.45,out,T20I # 1872
BAN vs PAK,BAN,7,Nurul Hasan,0,3,0,0,0.00,out,T20I # 1872
BAN vs PAK,BAN,8,Taskin Ahmed,1,5,0,0,20.00,out,T20I # 1872
BAN vs PAK,BAN,9,Nasum Ahmed,7,6,1,0,116.66,out,T20I # 1872
BAN vs PAK,BAN,10,Mustafizur Rahman,0,1,0,0,0.00,not_out,T20I # 1872
BAN vs PAK,PAK,1,Mohammad Rizwan,32,32,2,1,100.00,out,T20I # 1872
BAN vs PAK,PAK,2,Babar Azam,25,33,2,0,75.75,out,T20I # 1872
BAN vs PAK,PAK,3,Mohammad Nawaz,4,11,0,0,36.36,out,T20I # 1872
BAN vs PAK,PAK,4,Mohammad Haris,31,18,1,2,172.22,out,T20I # 1872
BAN vs PAK,PAK,5,Shan Masood,24,14,2,0,171.42,not_out,T20I # 1872
BAN vs PAK,PAK,6,Iftikhar Ahmed,1,3,0,0,33.33,out,T20I # 1872
BAN vs PAK,PAK,7,Shadab Khan,0,0,0,0,-,not_out,T20I # 1872
NED vs SA,NED,1,Stephan Myburgh,37,30,7,0,123.33,out,T20I # 1871
NED vs SA,NED,2,Max O'Dowd,29,31,1,1,93.54,out,T20I # 1871
NED vs SA,NED,3,Tom Cooper,35,19,2,2,184.21,out,T20I # 1871
NED vs SA,NED,4,Colin Ackermann,41,26,3,2,157.69,not_out,T20I # 1871
NED vs SA,NED,5,Bas de Leede,1,7,0,0,14.28,out,T20I # 1871
NED vs SA,NED,6,Scott Edwards,12,7,2,0,171.42,not_out,T20I # 1871
NED vs SA,SA,1,Quinton de Kock,13,13,1,1,100.00,out,T20I # 1871
NED vs SA,SA,2,Temba Bavuma,20,20,2,0,100.00,out,T20I # 1871
NED vs SA,SA,3,Rilee Rossouw,25,19,2,0,131.57,out,T20I # 1871
NED vs SA,SA,4,Aiden Markram,17,13,2,0,130.76,out,T20I # 1871
NED vs SA,SA,5,David Miller,17,17,1,0,100.00,out,T20I # 1871
NED vs SA,SA,6,Heinrich Klaasen,21,18,0,1,116.66,out,T20I # 1871
NED vs SA,SA,7,Wayne Parnell,0,2,0,0,0.00,out,T20I # 1871
NED vs SA,SA,8,Keshav Maharaj,13,12,0,1,108.33,out,T20I # 1871
NED vs SA,SA,9,Kagiso Rabada,9,8,0,0,112.50,not_out,T20I # 1871
NED vs SA,SA,10,Anrich Nortje,4,1,1,0,400.00,not_out,T20I # 1871
SL vs ENG,SL,1,Pathum Nissanka,67,45,2,5,148.88,out,T20I # 1867
SL vs ENG,SL,2,Kusal Mendis,18,14,1,1,128.57,out,T20I # 1867
SL vs ENG,SL,3,Dhananjaya de Silva,9,11,0,0,81.81,out,T20I # 1867
SL vs ENG,SL,4,Charith Asalanka,8,9,0,0,88.88,out,T20I # 1867
SL vs ENG,SL,5,Bhanuka Rajapaksa,22,22,3,0,100.00,out,T20I # 1867
SL vs ENG,SL,6,Dasun Shanaka,3,8,0,0,37.50,out,T20I # 1867
SL vs ENG,SL,7,Wanindu Hasaranga,9,9,1,0,100.00,out,T20I # 1867
SL vs ENG,SL,8,Chamika Karunaratne,0,2,0,0,0.00,out,T20I # 1867
SL vs ENG,SL,9,Maheesh Theekshana,0,0,0,0,-,not_out,T20I # 1867
SL vs ENG,ENG,1,Jos Buttler,28,23,2,1,121.73,out,T20I # 1867
SL vs ENG,ENG,2,Alex Hales,47,30,7,1,156.66,out,T20I # 1867
SL vs ENG,ENG,3,Ben Stokes,42,36,2,0,116.66,not_out,T20I # 1867
SL vs ENG,ENG,4,Harry Brook,4,5,0,0,80.00,out,T20I # 1867
SL vs ENG,ENG,5,Liam Livingstone,4,6,0,0,66.66,out,T20I # 1867
SL vs ENG,ENG,6,Moeen Ali,1,5,0,0,20.00,out,T20I # 1867
SL vs ENG,ENG,7,Sam Curran,6,11,0,0,54.54,out,T20I # 1867
SL vs ENG,ENG,8,Chris Woakes,5,3,1,0,166.66,not_out,T20I # 1867
AUS vs AFG,AUS,1,David Warner,25,18,5,0,138.88,out,T20I # 1864
AUS vs AFG,AUS,2,Cameron Green,3,2,0,0,150.00,out,T20I # 1864
AUS vs AFG,AUS,3,Mitchell Marsh,45,30,3,2,150.00,out,T20I # 1864
AUS vs AFG,AUS,4,Steven Smith,4,4,1,0,100.00,out,T20I # 1864
AUS vs AFG,AUS,5,Marcus Stoinis,25,21,0,2,119.04,out,T20I # 1864
AUS vs AFG,AUS,6,Glenn Maxwell,54,32,6,2,168.75,not_out,T20I # 1864
AUS vs AFG,AUS,7,Matthew Wade,6,8,1,0,75.00,out,T20I # 1864
AUS vs AFG,AUS,8,Pat Cummins,0,2,0,0,0.00,out,T20I # 1864
AUS vs AFG,AUS,9,Kane Richardson,1,1,0,0,100.00,out,T20I # 1864
AUS vs AFG,AUS,10,Adam Zampa,1,1,0,0,100.00,not_out,T20I # 1864
AUS vs AFG,AFG,1,Rahmanullah Gurbaz,30,17,2,2,176.47,out,T20I # 1864
AUS vs AFG,AFG,2,Usman Ghani,2,7,0,0,28.57,out,T20I # 1864
AUS vs AFG,AFG,3,Ibrahim Zadran,26,33,2,0,78.78,out,T20I # 1864
AUS vs AFG,AFG,4,Gulbadin Naib,39,23,3,2,169.56,out,T20I # 1864
AUS vs AFG,AFG,5,Mohammad Nabi,1,2,0,0,50.00,out,T20I # 1864
AUS vs AFG,AFG,6,Najibullah Zadran,0,2,0,0,0.00,out,T20I # 1864
AUS vs AFG,AFG,7,Darwish Rasooli,15,13,1,0,115.38,out,T20I # 1864
AUS vs AFG,AFG,8,Rashid Khan,48,23,3,4,208.69,not_out,T20I # 1864
AUS vs AFG,AFG,9,Naveen-ul-Haq,0,0,0,0,-,not_out,T20I # 1864
NZ vs IRE,NZ,1,Finn Allen,32,18,5,1,177.77,out,T20I # 1862
NZ vs IRE,NZ,2,Devon Conway,28,33,2,0,84.84,out,T20I # 1862
NZ vs IRE,NZ,3,Kane Williamson,61,35,5,3,174.28,out,T20I # 1862
NZ vs IRE,NZ,4,Glenn Phillips,17,9,2,1,188.88,out,T20I # 1862
NZ vs IRE,NZ,5,Daryl Mitchell,31,21,2,0,147.61,not_out,T20I # 1862
NZ vs IRE,NZ,6,James Neesham,0,1,0,0,0.00,out,T20I # 1862
NZ vs IRE,NZ,7,Mitchell Santner,0,1,0,0,0.00,out,T20I # 1862
NZ vs IRE,NZ,8,Tim Southee,1,2,0,0,50.00,not_out,T20I # 1862
NZ vs IRE,IRE,1,Paul Stirling,37,27,3,1,137.03,out,T20I # 1862
NZ vs IRE,IRE,2,Andy Balbirnie,30,25,0,3,120.00,out,T20I # 1862
NZ vs IRE,IRE,3,Lorcan Tucker,13,14,0,0,92.85,out,T20I # 1862
NZ vs IRE,IRE,4,Harry Tector,2,7,0,0,28.57,out,T20I # 1862
NZ vs IRE,IRE,5,Gareth Delany,10,8,2,0,125.00,out,T20I # 1862
NZ vs IRE,IRE,6,George Dockrell,23,15,3,0,153.33,out,T20I # 1862
NZ vs IRE,IRE,7,Curtis Campher,7,7,1,0,100.00,out,T20I # 1862
NZ vs IRE,IRE,8,Fionn Hand,5,3,1,0,166.66,out,T20I # 1862
NZ vs IRE,IRE,9,Mark Adair,4,5,0,0,80.00,out,T20I # 1862
NZ vs IRE,IRE,10,Barry McCarthy,6,5,0,0,120.00,not_out,T20I # 1862
NZ vs IRE,IRE,11,Josh Little,8,4,0,1,200.00,not_out,T20I # 1862
PAK vs SA,PAK,1,Mohammad Rizwan,4,4,1,0,100.00,out,T20I # 1861
PAK vs SA,PAK,2,Babar Azam,6,15,0,0,40.00,out,T20I # 1861
PAK vs SA,PAK,3,Mohammad Haris,28,11,2,3,254.54,out,T20I # 1861
PAK vs SA,PAK,4,Shan Masood,2,6,0,0,33.33,out,T20I # 1861
PAK vs SA,PAK,5,Iftikhar Ahmed,51,35,3,2,145.71,out,T20I # 1861
PAK vs SA,PAK,6,Mohammad Nawaz,28,22,4,1,127.27,out,T20I # 1861
PAK vs SA,PAK,7,Shadab Khan,52,22,3,4,236.36,out,T20I # 1861
PAK vs SA,PAK,8,Mohammad Wasim,0,1,0,0,0.00,out,T20I # 1861
PAK vs SA,PAK,9,Naseem Shah,5,3,0,0,166.66,not_out,T20I # 1861
PAK vs SA,PAK,10,Haris Rauf,3,2,0,0,150.00,out,T20I # 1861
PAK vs SA,SA,1,Temba Bavuma,36,19,4,1,189.47,out,T20I # 1861
PAK vs SA,SA,2,Quinton de Kock,0,5,0,0,0.00,out,T20I # 1861
PAK vs SA,SA,3,Rilee Rossouw,7,6,0,1,116.66,out,T20I # 1861
PAK vs SA,SA,4,Aiden Markram,20,14,4,0,142.85,out,T20I # 1861
PAK vs SA,SA,5,Heinrich Klaasen,15,9,3,0,166.66,out,T20I # 1861
PAK vs SA,SA,6,Tristan Stubbs,18,18,0,1,100.00,out,T20I # 1861
PAK vs SA,SA,7,Wayne Parnell,3,4,0,0,75.00,out,T20I # 1861
PAK vs SA,SA,8,Kagiso Rabada,1,2,0,0,50.00,out,T20I # 1861
PAK vs SA,SA,9,Anrich Nortje,1,5,0,0,20.00,out,T20I # 1861
PAK vs SA,SA,10,Lungi Ngidi,4,1,1,0,400.00,not_out,T20I # 1861
PAK vs SA,SA,11,Tabraiz Shamsi,1,1,0,0,100.00,not_out,T20I # 1861
IND vs BAN,IND,1,KL Rahul,50,32,3,4,156.25,out,T20I # 1860
IND vs BAN,IND,2,Rohit Sharma,2,8,0,0,25.00,out,T20I # 1860
IND vs BAN,IND,3,Virat Kohli,64,44,8,1,145.45,not_out,T20I # 1860
IND vs BAN,IND,4,Suryakumar Yadav,30,16,4,0,187.50,out,T20I # 1860
IND vs BAN,IND,5,Hardik Pandya,5,6,0,0,83.33,out,T20I # 1860
IND vs BAN,IND,6,Dinesh Karthik,7,5,1,0,140.00,out,T20I # 1860
IND vs BAN,IND,7,Axar Patel,7,6,1,0,116.66,out,T20I # 1860
IND vs BAN,IND,8,Ravichandran Ashwin,13,6,1,1,216.66,not_out,T20I # 1860
IND vs BAN,BAN,1,Najmul Hossain Shanto,21,25,1,1,84.00,out,T20I # 1860
IND vs BAN,BAN,2,Litton Das,60,27,7,3,222.22,out,T20I # 1860
IND vs BAN,BAN,3,Shakib Al Hasan,13,12,2,0,108.33,out,T20I # 1860
IND vs BAN,BAN,4,Afif Hossain,3,5,0,0,60.00,out,T20I # 1860
IND vs BAN,BAN,5,Yasir Ali,1,3,0,0,33.33,out,T20I # 1860
IND vs BAN,BAN,6,Nurul Hasan,25,14,2,1,178.57,not_out,T20I # 1860
IND vs BAN,BAN,7,Mosaddek Hossain,6,3,0,1,200.00,out,T20I # 1860
IND vs BAN,BAN,8,Taskin Ahmed,12,7,1,1,171.42,not_out,T20I # 1860
ZIM vs NED,ZIM,1,Wessly Madhevere,1,5,0,0,20.00,out,T20I # 1859
ZIM vs NED,ZIM,2,Craig Ervine,3,12,0,0,25.00,out,T20I # 1859
ZIM vs NED,ZIM,3,Regis Chakabva,5,16,1,0,31.25,out,T20I # 1859
ZIM vs NED,ZIM,4,Sean Williams,28,23,3,0,121.73,out,T20I # 1859
ZIM vs NED,ZIM,5,Sikandar Raza,40,24,3,3,166.66,out,T20I # 1859
ZIM vs NED,ZIM,6,Milton Shumba,2,3,0,0,66.66,out,T20I # 1859
ZIM vs NED,ZIM,7,Ryan Burl,2,7,0,0,28.57,out,T20I # 1859
ZIM vs NED,ZIM,8,Luke Jongwe,6,8,0,0,75.00,out,T20I # 1859
ZIM vs NED,ZIM,9,Richard Ngarava,9,7,0,1,128.57,out,T20I # 1859
ZIM vs NED,ZIM,10,Tendai Chatara,6,7,0,0,85.71,not_out,T20I # 1859
ZIM vs NED,ZIM,11,Blessing Muzarabani,1,4,0,0,25.00,out,T20I # 1859
ZIM vs NED,NED,1,Stephan Myburgh,8,7,0,1,114.28,out,T20I # 1859
ZIM vs NED,NED,2,Max O'Dowd,52,47,8,1,110.63,out,T20I # 1859
ZIM vs NED,NED,3,Tom Cooper,32,29,2,1,110.34,out,T20I # 1859
ZIM vs NED,NED,4,Colin Ackermann,1,5,0,0,20.00,out,T20I # 1859
ZIM vs NED,NED,5,Bas de Leede,12,12,2,0,100.00,not_out,T20I # 1859
ZIM vs NED,NED,6,Scott Edwards,5,6,1,0,83.33,out,T20I # 1859
ZIM vs NED,NED,7,Roelof van der Merwe,0,3,0,0,0.00,not_out,T20I # 1859
ENG vs NZ,ENG,1,Jos Buttler,73,47,7,2,155.31,out,T20I # 1858
ENG vs NZ,ENG,2,Alex Hales,52,40,7,1,130.00,out,T20I # 1858
ENG vs NZ,ENG,3,Moeen Ali,5,6,0,0,83.33,out,T20I # 1858
ENG vs NZ,ENG,4,Liam Livingstone,20,14,1,1,142.85,out,T20I # 1858
ENG vs NZ,ENG,5,Harry Brook,7,3,0,1,233.33,out,T20I # 1858
ENG vs NZ,ENG,6,Ben Stokes,8,7,0,0,114.28,out,T20I # 1858
ENG vs NZ,ENG,7,Sam Curran,6,3,0,1,200.00,not_out,T20I # 1858
ENG vs NZ,ENG,8,Dawid Malan,3,1,0,0,300.00,not_out,T20I # 1858
ENG vs NZ,NZ,1,Finn Allen,16,11,0,1,145.45,out,T20I # 1858
ENG vs NZ,NZ,2,Devon Conway,3,9,0,0,33.33,out,T20I # 1858
ENG vs NZ,NZ,3,Kane Williamson,40,40,3,0,100.00,out,T20I # 1858
ENG vs NZ,NZ,4,Glenn Phillips,62,36,4,3,172.22,out,T20I # 1858
ENG vs NZ,NZ,5,James Neesham,6,3,1,0,200.00,out,T20I # 1858
ENG vs NZ,NZ,6,Daryl Mitchell,3,5,0,0,60.00,out,T20I # 1858
ENG vs NZ,NZ,7,Mitchell Santner,16,10,0,1,160.00,not_out,T20I # 1858
ENG vs NZ,NZ,8,Ish Sodhi,6,6,0,0,100.00,not_out,T20I # 1858
AFG vs SL,AFG,1,Rahmanullah Gurbaz,28,24,2,2,116.66,out,T20I # 1856
AFG vs SL,AFG,2,Usman Ghani,27,27,2,1,100.00,out,T20I # 1856
AFG vs SL,AFG,3,Ibrahim Zadran,22,18,1,1,122.22,out,T20I # 1856
AFG vs SL,AFG,4,Najibullah Zadran,18,16,1,0,112.50,out,T20I # 1856
AFG vs SL,AFG,5,Gulbadin Naib,12,14,0,0,85.71,out,T20I # 1856
AFG vs SL,AFG,6,Mohammad Nabi,13,8,1,0,162.50,out,T20I # 1856
AFG vs SL,AFG,7,Rashid Khan,9,8,1,0,112.50,out,T20I # 1856
AFG vs SL,AFG,8,Azmatullah Omarzai,3,4,0,0,75.00,not_out,T20I # 1856
AFG vs SL,AFG,9,Mujeeb Ur Rahman,1,2,0,0,50.00,out,T20I # 1856
AFG vs SL,SL,1,Pathum Nissanka,10,10,2,0,100.00,out,T20I # 1856
AFG vs SL,SL,2,Kusal Mendis,25,27,2,1,92.59,out,T20I # 1856
AFG vs SL,SL,3,Dhananjaya de Silva,66,42,6,2,157.14,not_out,T20I # 1856
AFG vs SL,SL,4,Charith Asalanka,19,18,1,0,105.55,out,T20I # 1856
AFG vs SL,SL,5,Bhanuka Rajapaksa,18,14,3,0,128.57,out,T20I # 1856
AFG vs SL,SL,6,Dasun Shanaka,0,0,0,0,-,not_out,T20I # 1856
AUS vs IRE,AUS,1,David Warner,3,7,0,0,42.85,out,T20I # 1855
AUS vs IRE,AUS,2,Aaron Finch,63,44,5,3,143.18,out,T20I # 1855
AUS vs IRE,AUS,3,Mitchell Marsh,28,22,2,2,127.27,out,T20I # 1855
AUS vs IRE,AUS,4,Glenn Maxwell,13,9,0,1,144.44,out,T20I # 1855
AUS vs IRE,AUS,5,Marcus Stoinis,35,25,3,1,140.00,out,T20I # 1855
AUS vs IRE,AUS,6,Tim David,15,10,2,0,150.00,not_out,T20I # 1855
AUS vs IRE,AUS,7,Matthew Wade,7,3,1,0,233.33,not_out,T20I # 1855
AUS vs IRE,IRE,1,Paul Stirling,11,7,1,1,157.14,out,T20I # 1855
AUS vs IRE,IRE,2,Andy Balbirnie,6,7,0,1,85.71,out,T20I # 1855
AUS vs IRE,IRE,3,Lorcan Tucker,71,48,9,1,147.91,not_out,T20I # 1855
AUS vs IRE,IRE,4,Harry Tector,6,4,1,0,150.00,out,T20I # 1855
AUS vs IRE,IRE,5,Curtis Campher,0,1,0,0,0.00,out,T20I # 1855
AUS vs IRE,IRE,6,George Dockrell,0,4,0,0,0.00,out,T20I # 1855
AUS vs IRE,IRE,7,Gareth Delany,14,10,2,0,140.00,out,T20I # 1855
AUS vs IRE,IRE,8,Mark Adair,11,11,1,0,100.00,out,T20I # 1855
AUS vs IRE,IRE,9,Fionn Hand,6,6,1,0,100.00,out,T20I # 1855
AUS vs IRE,IRE,10,Barry McCarthy,3,7,0,0,42.85,out,T20I # 1855
AUS vs IRE,IRE,11,Josh Little,1,5,0,0,20.00,out,T20I # 1855
IND vs SA,IND,1,KL Rahul,9,14,0,1,64.28,out,T20I # 1853
IND vs SA,IND,2,Rohit Sharma,15,14,1,1,107.14,out,T20I # 1853
IND vs SA,IND,3,Virat Kohli,12,11,2,0,109.09,out,T20I # 1853
IND vs SA,IND,4,Suryakumar Yadav,68,40,6,3,170.00,out,T20I # 1853
IND vs SA,IND,5,Deepak Hooda,0,3,0,0,0.00,out,T20I # 1853
IND vs SA,IND,6,Hardik Pandya,2,3,0,0,66.66,out,T20I # 1853
IND vs SA,IND,7,Dinesh Karthik,6,15,0,0,40.00,out,T20I # 1853
IND vs SA,IND,8,Ravichandran Ashwin,7,11,0,0,63.63,out,T20I # 1853
IND vs SA,IND,9,Bhuvneshwar Kumar,4,6,0,0,66.66,not_out,T20I # 1853
IND vs SA,IND,10,Mohammed Shami,0,2,0,0,0.00,out,T20I # 1853
IND vs SA,IND,11,Arshdeep Singh,2,1,0,0,200.00,not_out,T20I # 1853
IND vs SA,SA,1,Quinton de Kock,1,3,0,0,33.33,out,T20I # 1853
IND vs SA,SA,2,Temba Bavuma,10,15,0,1,66.66,out,T20I # 1853
IND vs SA,SA,3,Rilee Rossouw,0,2,0,0,0.00,out,T20I # 1853
IND vs SA,SA,4,Aiden Markram,52,41,6,1,126.82,out,T20I # 1853
IND vs SA,SA,5,David Miller,59,46,4,3,128.26,not_out,T20I # 1853
IND vs SA,SA,6,Tristan Stubbs,6,6,1,0,100.00,out,T20I # 1853
IND vs SA,SA,7,Wayne Parnell,2,5,0,0,40.00,not_out,T20I # 1853
NED vs PAK,NED,1,Stephan Myburgh,6,11,1,0,54.54,out,T20I # 1852
NED vs PAK,NED,2,Max O'Dowd,8,13,0,0,61.53,out,T20I # 1852
NED vs PAK,NED,3,Bas de Leede,6,16,1,0,37.50,not_out,T20I # 1852
NED vs PAK,NED,4,Tom Cooper,1,2,0,0,50.00,out,T20I # 1852
NED vs PAK,NED,5,Colin Ackermann,27,27,2,0,100.00,out,T20I # 1852
NED vs PAK,NED,6,Scott Edwards,15,20,1,0,75.00,out,T20I # 1852
NED vs PAK,NED,7,Roelof van der Merwe,5,6,0,0,83.33,out,T20I # 1852
NED vs PAK,NED,8,Tim Pringle,5,8,0,0,62.50,out,T20I # 1852
NED vs PAK,NED,9,Logan van Beek,6,9,0,0,66.66,not_out,T20I # 1852
NED vs PAK,NED,10,Fred Klaassen,0,1,0,0,0.00,out,T20I # 1852
NED vs PAK,NED,11,Paul van Meekeren,7,7,0,0,100.00,out,T20I # 1852
NED vs PAK,PAK,1,Mohammad Rizwan,49,39,5,0,125.64,out,T20I # 1852
NED vs PAK,PAK,2,Babar Azam,4,5,1,0,80.00,out,T20I # 1852
NED vs PAK,PAK,3,Fakhar Zaman,20,16,3,0,125.00,out,T20I # 1852
NED vs PAK,PAK,4,Shan Masood,12,16,0,0,75.00,out,T20I # 1852
NED vs PAK,PAK,5,Iftikhar Ahmed,6,5,0,0,120.00,not_out,T20I # 1852
NED vs PAK,PAK,6,Shadab Khan,4,2,1,0,200.00,not_out,T20I # 1852
BAN vs ZIM,BAN,1,Najmul Hossain Shanto,71,55,7,1,129.09,out,T20I # 1851
BAN vs ZIM,BAN,2,Soumya Sarkar,0,2,0,0,0.00,out,T20I # 1851
BAN vs ZIM,BAN,3,Litton Das,14,12,3,0,116.66,out,T20I # 1851
BAN vs ZIM,BAN,4,Shakib Al Hasan,23,20,1,0,115.00,out,T20I # 1851
BAN vs ZIM,BAN,5,Afif Hossain,29,19,1,1,152.63,out,T20I # 1851
BAN vs ZIM,BAN,6,Mosaddek Hossain,7,10,0,0,70.00,out,T20I # 1851
BAN vs ZIM,BAN,7,Nurul Hasan,1,1,0,0,100.00,out,T20I # 1851
BAN vs ZIM,BAN,8,Yasir Ali,1,1,0,0,100.00,not_out,T20I # 1851
BAN vs ZIM,ZIM,1,Wessly Madhevere,4,3,1,0,133.33,out,T20I # 1851
BAN vs ZIM,ZIM,2,Craig Ervine,8,7,2,0,114.28,out,T20I # 1851
BAN vs ZIM,ZIM,3,Milton Shumba,8,15,1,0,53.33,out,T20I # 1851
BAN vs ZIM,ZIM,4,Sean Williams,64,42,8,0,152.38,out,T20I # 1851
BAN vs ZIM,ZIM,5,Sikandar Raza,0,3,0,0,0.00,out,T20I # 1851
BAN vs ZIM,ZIM,6,Regis Chakabva,15,19,0,0,78.94,out,T20I # 1851
BAN vs ZIM,ZIM,7,Ryan Burl,27,25,2,1,108.00,not_out,T20I # 1851
BAN vs ZIM,ZIM,8,Brad Evans,2,2,0,0,100.00,out,T20I # 1851
BAN vs ZIM,ZIM,9,Richard Ngarava,6,3,0,1,200.00,out,T20I # 1851
BAN vs ZIM,ZIM,10,Blessing Muzarabani,0,2,0,0,0.00,not_out,T20I # 1851
NZ vs SL,NZ,1,Finn Allen,1,3,0,0,33.33,out,T20I # 1850
NZ vs SL,NZ,2,Devon Conway,1,4,0,0,25.00,out,T20I # 1850
NZ vs SL,NZ,3,Kane Williamson,8,13,1,0,61.53,out,T20I # 1850
NZ vs SL,NZ,4,Glenn Phillips,104,64,10,4,162.50,out,T20I # 1850
NZ vs SL,NZ,5,Daryl Mitchell,22,24,0,0,91.66,out,T20I # 1850
NZ vs SL,NZ,6,James Neesham,5,8,0,0,62.50,out,T20I # 1850
NZ vs SL,NZ,7,Mitchell Santner,11,5,0,1,220.00,not_out,T20I # 1850
NZ vs SL,NZ,8,Ish Sodhi,1,1,0,0,100.00,out,T20I # 1850
NZ vs SL,NZ,9,Tim Southee,4,1,1,0,400.00,not_out,T20I # 1850
NZ vs SL,SL,1,Pathum Nissanka,0,5,0,0,0.00,out,T20I # 1850
NZ vs SL,SL,2,Kusal Mendis,4,3,1,0,133.33,out,T20I # 1850
NZ vs SL,SL,3,Dhananjaya de Silva,0,3,0,0,0.00,out,T20I # 1850
NZ vs SL,SL,4,Charith Asalanka,4,8,0,0,50.00,out,T20I # 1850
NZ vs SL,SL,5,Bhanuka Rajapaksa,34,22,3,2,154.54,out,T20I # 1850
NZ vs SL,SL,6,Chamika Karunaratne,3,8,0,0,37.50,out,T20I # 1850
NZ vs SL,SL,7,Dasun Shanaka,35,32,4,1,109.37,out,T20I # 1850
NZ vs SL,SL,8,Wanindu Hasaranga,4,6,1,0,66.66,out,T20I # 1850
NZ vs SL,SL,9,Maheesh Theekshana,0,3,0,0,0.00,out,T20I # 1850
NZ vs SL,SL,10,Kasun Rajitha,8,21,0,0,38.09,not_out,T20I # 1850
NZ vs SL,SL,11,Lahiru Kumara,4,5,1,0,80.00,out,T20I # 1850
ZIM vs PAK,ZIM,1,Wessly Madhevere,17,13,3,0,130.76,out,T20I # 1849
ZIM vs PAK,ZIM,2,Craig Ervine,19,19,2,0,100.00,out,T20I # 1849
ZIM vs PAK,ZIM,3,Milton Shumba,8,10,1,0,80.00,out,T20I # 1849
ZIM vs PAK,ZIM,4,Sean Williams,31,28,3,0,110.71,out,T20I # 1849
ZIM vs PAK,ZIM,5,Sikandar Raza,9,16,1,0,56.25,out,T20I # 1849
ZIM vs PAK,ZIM,6,Regis Chakabva,0,1,0,0,0.00,out,T20I # 1849
ZIM vs PAK,ZIM,7,Ryan Burl,10,15,0,0,66.66,not_out,T20I # 1849
ZIM vs PAK,ZIM,8,Luke Jongwe,0,1,0,0,0.00,out,T20I # 1849
ZIM vs PAK,ZIM,9,Brad Evans,19,15,0,1,126.66,out,T20I # 1849
ZIM vs PAK,ZIM,10,Richard Ngarava,3,2,0,0,150.00,not_out,T20I # 1849
ZIM vs PAK,PAK,1,Mohammad Rizwan,14,16,1,1,87.50,out,T20I # 1849
ZIM vs PAK,PAK,2,Babar Azam,4,9,1,0,44.44,out,T20I # 1849
ZIM vs PAK,PAK,3,Shan Masood,44,38,3,0,115.78,out,T20I # 1849
ZIM vs PAK,PAK,4,Iftikhar Ahmed,5,10,1,0,50.00,out,T20I # 1849
ZIM vs PAK,PAK,5,Shadab Khan,17,14,0,1,121.42,out,T20I # 1849
ZIM vs PAK,PAK,6,Haider Ali,0,1,0,0,0.00,out,T20I # 1849
ZIM vs PAK,PAK,7,Mohammad Nawaz,22,18,1,1,122.22,out,T20I # 1849
ZIM vs PAK,PAK,8,Mohammad Wasim,12,13,2,0,92.30,not_out,T20I # 1849
ZIM vs PAK,PAK,9,Shaheen Shah Afridi,1,1,0,0,100.00,out,T20I # 1849
IND vs NED,IND,1,KL Rahul,9,12,1,0,75.00,out,T20I # 1848
IND vs NED,IND,2,Rohit Sharma,53,39,4,3,135.89,out,T20I # 1848
IND vs NED,IND,3,Virat Kohli,62,44,3,2,140.90,not_out,T20I # 1848
IND vs NED,IND,4,Suryakumar Yadav,51,25,7,1,204.00,not_out,T20I # 1848
IND vs NED,NED,1,Vikramjit Singh,1,9,0,0,11.11,out,T20I # 1848
IND vs NED,NED,2,Max O'Dowd,16,10,3,0,160.00,out,T20I # 1848
IND vs NED,NED,3,Bas de Leede,16,23,0,0,69.56,out,T20I # 1848
IND vs NED,NED,4,Colin Ackermann,17,21,1,0,80.95,out,T20I # 1848
IND vs NED,NED,5,Tom Cooper,9,12,0,0,75.00,out,T20I # 1848
IND vs NED,NED,6,Scott Edwards,5,8,0,0,62.50,out,T20I # 1848
IND vs NED,NED,7,Tim Pringle,20,15,1,1,133.33,out,T20I # 1848
IND vs NED,NED,8,Logan van Beek,3,5,0,0,60.00,out,T20I # 1848
IND vs NED,NED,9,Shariz Ahmad,16,11,2,0,145.45,not_out,T20I # 1848
IND vs NED,NED,10,Fred Klaassen,0,1,0,0,0.00,out,T20I # 1848
IND vs NED,NED,11,Paul van Meekeren,14,6,3,0,233.33,not_out,T20I # 1848
SA vs BAN,SA,1,Temba Bavuma,2,6,0,0,33.33,out,T20I # 1847
SA vs BAN,SA,2,Quinton de Kock,63,38,7,3,165.78,out,T20I # 1847
SA vs BAN,SA,3,Rilee Rossouw,109,56,7,8,194.64,out,T20I # 1847
SA vs BAN,SA,4,Tristan Stubbs,7,7,1,0,100.00,out,T20I # 1847
SA vs BAN,SA,5,Aiden Markram,10,11,1,0,90.90,out,T20I # 1847
SA vs BAN,SA,6,David Miller,2,4,0,0,50.00,not_out,T20I # 1847
SA vs BAN,SA,7,Wayne Parnell,0,2,0,0,0.00,not_out,T20I # 1847
SA vs BAN,BAN,1,Najmul Hossain Shanto,9,9,1,0,100.00,out,T20I # 1847
SA vs BAN,BAN,2,Soumya Sarkar,15,6,0,2,250.00,out,T20I # 1847
SA vs BAN,BAN,3,Litton Das,34,31,1,1,109.67,out,T20I # 1847
SA vs BAN,BAN,4,Shakib Al Hasan,1,4,0,0,25.00,out,T20I # 1847
SA vs BAN,BAN,5,Afif Hossain,1,5,0,0,20.00,out,T20I # 1847
SA vs BAN,BAN,6,Mehidy Hasan Miraz,11,13,0,0,84.61,out,T20I # 1847
SA vs BAN,BAN,7,Mosaddek Hossain,0,3,0,0,0.00,out,T20I # 1847
SA vs BAN,BAN,8,Nurul Hasan,2,6,0,0,33.33,out,T20I # 1847
SA vs BAN,BAN,9,Taskin Ahmed,10,17,1,0,58.82,out,T20I # 1847
SA vs BAN,BAN,10,Hasan Mahmud,0,2,0,0,0.00,out,T20I # 1847
SA vs BAN,BAN,11,Mustafizur Rahman,9,3,0,1,300.00,not_out,T20I # 1847
IRE vs ENG,IRE,1,Paul Stirling,14,8,1,1,175.00,out,T20I # 1846
IRE vs ENG,IRE,2,Andy Balbirnie,62,47,5,2,131.91,out,T20I # 1846
IRE vs ENG,IRE,3,Lorcan Tucker,34,27,3,1,125.92,out,T20I # 1846
IRE vs ENG,IRE,4,Harry Tector,0,2,0,0,0.00,out,T20I # 1846
IRE vs ENG,IRE,5,Curtis Campher,18,11,3,0,163.63,out,T20I # 1846
IRE vs ENG,IRE,6,George Dockrell,0,1,0,0,0.00,out,T20I # 1846
IRE vs ENG,IRE,7,Gareth Delany,12,10,1,0,120.00,not_out,T20I # 1846
IRE vs ENG,IRE,8,Mark Adair,4,4,0,0,100.00,out,T20I # 1846
IRE vs ENG,IRE,9,Barry McCarthy,3,3,0,0,100.00,out,T20I # 1846
IRE vs ENG,IRE,10,Fionn Hand,1,2,0,0,50.00,out,T20I # 1846
IRE vs ENG,IRE,11,Josh Little,0,1,0,0,0.00,out,T20I # 1846
IRE vs ENG,ENG,1,Jos Buttler,0,2,0,0,0.00,out,T20I # 1846
IRE vs ENG,ENG,2,Alex Hales,7,5,1,0,140.00,out,T20I # 1846
IRE vs ENG,ENG,3,Dawid Malan,35,37,2,0,94.59,out,T20I # 1846
IRE vs ENG,ENG,4,Ben Stokes,6,8,0,0,75.00,out,T20I # 1846
IRE vs ENG,ENG,5,Harry Brook,18,21,1,0,85.71,out,T20I # 1846
IRE vs ENG,ENG,6,Moeen Ali,24,12,3,1,200.00,not_out,T20I # 1846
IRE vs ENG,ENG,7,Liam Livingstone,1,2,0,0,50.00,not_out,T20I # 1846
SL vs AUS,SL,1,Pathum Nissanka,40,45,2,0,88.88,out,T20I # 1845
SL vs AUS,SL,2,Kusal Mendis,5,6,1,0,83.33,out,T20I # 1845
SL vs AUS,SL,3,Dhananjaya de Silva,26,23,3,0,113.04,out,T20I # 1845
SL vs AUS,SL,4,Charith Asalanka,38,25,3,2,152.00,not_out,T20I # 1845
SL vs AUS,SL,5,Bhanuka Rajapaksa,7,5,1,0,140.00,out,T20I # 1845
SL vs AUS,SL,6,Dasun Shanaka,3,5,0,0,60.00,out,T20I # 1845
SL vs AUS,SL,7,Wanindu Hasaranga,1,4,0,0,25.00,out,T20I # 1845
SL vs AUS,SL,8,Chamika Karunaratne,14,7,2,0,200.00,not_out,T20I # 1845
SL vs AUS,AUS,1,David Warner,11,10,0,0,110.00,out,T20I # 1845
SL vs AUS,AUS,2,Aaron Finch,31,42,0,1,73.80,not_out,T20I # 1845
SL vs AUS,AUS,3,Mitchell Marsh,17,17,1,1,100.00,out,T20I # 1845
SL vs AUS,AUS,4,Glenn Maxwell,23,12,2,2,191.66,out,T20I # 1845
SL vs AUS,AUS,5,Marcus Stoinis,59,18,4,6,327.77,not_out,T20I # 1845
ZIM vs SA,ZIM,1,Regis Chakabva,8,8,0,1,100.00,out,T20I # 1844
ZIM vs SA,ZIM,2,Craig Ervine,2,6,0,0,33.33,out,T20I # 1844
ZIM vs SA,ZIM,3,Sean Williams,1,1,0,0,100.00,out,T20I # 1844
ZIM vs SA,ZIM,4,Sikandar Raza,0,2,0,0,0.00,out,T20I # 1844
ZIM vs SA,ZIM,5,Wessly Madhevere,35,18,4,1,194.44,not_out,T20I # 1844
ZIM vs SA,ZIM,6,Milton Shumba,18,20,2,0,90.00,out,T20I # 1844
ZIM vs SA,SA,1,Quinton de Kock,47,18,8,1,261.11,not_out,T20I # 1844
ZIM vs SA,SA,2,Temba Bavuma,2,2,0,0,100.00,not_out,T20I # 1844
BAN vs NED,BAN,1,Najmul Hossain Shanto,25,20,4,0,125.00,out,T20I # 1843
BAN vs NED,BAN,2,Soumya Sarkar,14,14,2,0,100.00,out,T20I # 1843
BAN vs NED,BAN,3,Litton Das,9,11,0,0,81.81,out,T20I # 1843
BAN vs NED,BAN,4,Shakib Al Hasan,7,9,0,0,77.77,out,T20I # 1843
BAN vs NED,BAN,5,Afif Hossain,38,27,2,2,140.74,out,T20I # 1843
BAN vs NED,BAN,6,Yasir Ali,3,5,0,0,60.00,out,T20I # 1843
BAN vs NED,BAN,7,Nurul Hasan,13,18,0,0,72.22,out,T20I # 1843
BAN vs NED,BAN,8,Mosaddek Hossain,20,12,2,1,166.66,not_out,T20I # 1843
BAN vs NED,BAN,9,Taskin Ahmed,0,1,0,0,0.00,out,T20I # 1843
BAN vs NED,BAN,10,Hasan Mahmud,0,3,0,0,0.00,not_out,T20I # 1843
BAN vs NED,NED,1,Vikramjit Singh,0,1,0,0,0.00,out,T20I # 1843
BAN vs NED,NED,2,Max O'Dowd,8,8,0,1,100.00,out,T20I # 1843
BAN vs NED,NED,3,Bas de Leede,0,1,0,0,0.00,out,T20I # 1843
BAN vs NED,NED,4,Colin Ackermann,62,48,6,2,129.16,out,T20I # 1843
BAN vs NED,NED,5,Tom Cooper,0,0,0,0,-,out,T20I # 1843
BAN vs NED,NED,6,Scott Edwards,16,24,1,0,66.66,out,T20I # 1843
BAN vs NED,NED,7,Tim Pringle,1,6,0,0,16.66,out,T20I # 1843
BAN vs NED,NED,8,Logan van Beek,2,5,0,0,40.00,out,T20I # 1843
BAN vs NED,NED,9,Shariz Ahmad,9,8,1,0,112.50,out,T20I # 1843
BAN vs NED,NED,10,Fred Klaassen,7,6,0,0,116.66,not_out,T20I # 1843
BAN vs NED,NED,11,Paul van Meekeren,24,14,3,1,171.42,out,T20I # 1843
PAK vs IND,PAK,1,Mohammad Rizwan,4,12,1,0,33.33,out,T20I # 1842
PAK vs IND,PAK,2,Babar Azam,0,1,0,0,0.00,out,T20I # 1842
PAK vs IND,PAK,3,Shan Masood,52,42,5,0,123.80,not_out,T20I # 1842
PAK vs IND,PAK,4,Iftikhar Ahmed,51,34,2,4,150.00,out,T20I # 1842
PAK vs IND,PAK,5,Shadab Khan,5,6,1,0,83.33,out,T20I # 1842
PAK vs IND,PAK,6,Haider Ali,2,4,0,0,50.00,out,T20I # 1842
PAK vs IND,PAK,7,Mohammad Nawaz,9,6,2,0,150.00,out,T20I # 1842
PAK vs IND,PAK,8,Asif Ali,2,3,0,0,66.66,out,T20I # 1842
PAK vs IND,PAK,9,Shaheen Shah Afridi,16,8,1,1,200.00,out,T20I # 1842
PAK vs IND,PAK,10,Haris Rauf,6,4,0,1,150.00,not_out,T20I # 1842
PAK vs IND,IND,1,KL Rahul,4,8,0,0,50.00,out,T20I # 1842
PAK vs IND,IND,2,Rohit Sharma,4,7,0,0,57.14,out,T20I # 1842
PAK vs IND,IND,3,Virat Kohli,82,53,6,4,154.71,not_out,T20I # 1842
PAK vs IND,IND,4,Suryakumar Yadav,15,10,2,0,150.00,out,T20I # 1842
PAK vs IND,IND,5,Axar Patel,2,3,0,0,66.66,out,T20I # 1842
PAK vs IND,IND,6,Hardik Pandya,40,37,1,2,108.10,out,T20I # 1842
PAK vs IND,IND,7,Dinesh Karthik,1,2,0,0,50.00,out,T20I # 1842
PAK vs IND,IND,8,Ravichandran Ashwin,1,1,0,0,100.00,not_out,T20I # 1842
IRE vs SL,IRE,1,Paul Stirling,34,25,4,1,136.00,out,T20I # 1841
IRE vs SL,IRE,2,Andy Balbirnie,1,5,0,0,20.00,out,T20I # 1841
IRE vs SL,IRE,3,Lorcan Tucker,10,11,1,0,90.90,out,T20I # 1841
IRE vs SL,IRE,4,Harry Tector,45,42,2,1,107.14,out,T20I # 1841
IRE vs SL,IRE,5,Curtis Campher,2,4,0,0,50.00,out,T20I # 1841
IRE vs SL,IRE,6,George Dockrell,14,16,0,0,87.50,out,T20I # 1841
IRE vs SL,IRE,7,Gareth Delany,9,6,1,0,150.00,out,T20I # 1841
IRE vs SL,IRE,8,Mark Adair,0,1,0,0,0.00,out,T20I # 1841
IRE vs SL,IRE,9,Simi Singh,7,8,1,0,87.50,not_out,T20I # 1841
IRE vs SL,IRE,10,Barry McCarthy,2,2,0,0,100.00,not_out,T20I # 1841
IRE vs SL,SL,1,Kusal Mendis,68,43,5,3,158.13,not_out,T20I # 1841
IRE vs SL,SL,2,Dhananjaya de Silva,31,25,2,1,124.00,out,T20I # 1841
IRE vs SL,SL,3,Charith Asalanka,31,22,2,0,140.90,not_out,T20I # 1841
AFG vs ENG,AFG,1,Hazratullah Zazai,7,17,1,0,41.17,out,T20I # 1840
AFG vs ENG,AFG,2,Rahmanullah Gurbaz,10,9,0,1,111.11,out,T20I # 1840
AFG vs ENG,AFG,3,Ibrahim Zadran,32,32,3,1,100.00,out,T20I # 1840
AFG vs ENG,AFG,4,Usman Ghani,30,30,3,0,100.00,out,T20I # 1840
AFG vs ENG,AFG,5,Najibullah Zadran,13,11,0,1,118.18,out,T20I # 1840
AFG vs ENG,AFG,6,Mohammad Nabi,3,5,0,0,60.00,out,T20I # 1840
AFG vs ENG,AFG,7,Azmatullah Omarzai,8,6,1,0,133.33,out,T20I # 1840
AFG vs ENG,AFG,8,Rashid Khan,0,1,0,0,0.00,out,T20I # 1840
AFG vs ENG,AFG,9,Mujeeb Ur Rahman,0,1,0,0,0.00,out,T20I # 1840
AFG vs ENG,AFG,10,Fareed Ahmad,2,4,0,0,50.00,not_out,T20I # 1840
AFG vs ENG,AFG,11,Fazalhaq Farooqi,0,2,0,0,0.00,out,T20I # 1840
AFG vs ENG,ENG,1,Jos Buttler,18,18,3,0,100.00,out,T20I # 1840
AFG vs ENG,ENG,2,Alex Hales,19,20,0,1,95.00,out,T20I # 1840
AFG vs ENG,ENG,3,Dawid Malan,18,30,0,0,60.00,out,T20I # 1840
AFG vs ENG,ENG,4,Ben Stokes,2,4,0,0,50.00,out,T20I # 1840
AFG vs ENG,ENG,5,Liam Livingstone,29,21,3,0,138.09,not_out,T20I # 1840
AFG vs ENG,ENG,6,Harry Brook,7,6,0,0,116.66,out,T20I # 1840
AFG vs ENG,ENG,7,Moeen Ali,8,10,0,0,80.00,not_out,T20I # 1840
NZ vs AUS,NZ,1,Finn Allen,42,16,5,3,262.50,out,T20I # 1839
NZ vs AUS,NZ,2,Devon Conway,92,58,7,2,158.62,not_out,T20I # 1839
NZ vs AUS,NZ,3,Kane Williamson,23,23,1,1,100.00,out,T20I # 1839
NZ vs AUS,NZ,4,Glenn Phillips,12,10,2,0,120.00,out,T20I # 1839
NZ vs AUS,NZ,5,James Neesham,26,13,0,2,200.00,not_out,T20I # 1839
NZ vs AUS,AUS,1,David Warner,5,6,1,0,83.33,out,T20I # 1839
NZ vs AUS,AUS,2,Aaron Finch,13,11,1,1,118.18,out,T20I # 1839
NZ vs AUS,AUS,3,Mitchell Marsh,16,12,2,1,133.33,out,T20I # 1839
NZ vs AUS,AUS,4,Glenn Maxwell,28,20,3,1,140.00,out,T20I # 1839
NZ vs AUS,AUS,5,Marcus Stoinis,7,14,0,0,50.00,out,T20I # 1839
NZ vs AUS,AUS,6,Tim David,11,8,0,1,137.50,out,T20I # 1839
NZ vs AUS,AUS,7,Matthew Wade,2,4,0,0,50.00,out,T20I # 1839
NZ vs AUS,AUS,8,Pat Cummins,21,18,2,1,116.66,out,T20I # 1839
NZ vs AUS,AUS,9,Mitchell Starc,4,7,0,0,57.14,out,T20I # 1839
NZ vs AUS,AUS,10,Adam Zampa,0,2,0,0,0.00,out,T20I # 1839
NZ vs AUS,AUS,11,Josh Hazlewood,1,1,0,0,100.00,not_out,T20I # 1839
SCOT vs ZIM,SCOT,1,George Munsey,54,51,7,0,105.88,out,T20I # 1838
SCOT vs ZIM,SCOT,2,Michael Jones,4,5,1,0,80.00,out,T20I # 1838
SCOT vs ZIM,SCOT,3,Matthew Cross,1,7,0,0,14.28,out,T20I # 1838
SCOT vs ZIM,SCOT,4,Richie Berrington,13,15,0,0,86.66,out,T20I # 1838
SCOT vs ZIM,SCOT,5,Calum MacLeod,25,26,1,0,96.15,out,T20I # 1838
SCOT vs ZIM,SCOT,6,Michael Leask,12,9,2,0,133.33,out,T20I # 1838
SCOT vs ZIM,SCOT,7,Chris Greaves,3,7,0,0,42.85,not_out,T20I # 1838
SCOT vs ZIM,SCOT,8,Josh Davey,4,3,0,0,133.33,not_out,T20I # 1838
SCOT vs ZIM,ZIM,1,Regis Chakabva,4,3,1,0,133.33,out,T20I # 1838
SCOT vs ZIM,ZIM,2,Craig Ervine,58,54,6,0,107.40,out,T20I # 1838
SCOT vs ZIM,ZIM,3,Wessly Madhevere,0,5,0,0,0.00,out,T20I # 1838
SCOT vs ZIM,ZIM,4,Sean Williams,7,12,0,0,58.33,out,T20I # 1838
SCOT vs ZIM,ZIM,5,Sikandar Raza,40,23,3,2,173.91,out,T20I # 1838
SCOT vs ZIM,ZIM,6,Milton Shumba,11,11,0,0,100.00,not_out,T20I # 1838
SCOT vs ZIM,ZIM,7,Ryan Burl,9,5,1,0,180.00,not_out,T20I # 1838
WI vs IRE,WI,1,Kyle Mayers,1,5,0,0,20.00,out,T20I # 1837
WI vs IRE,WI,2,Johnson Charles,24,18,3,1,133.33,out,T20I # 1837
WI vs IRE,WI,3,Evin Lewis,13,18,0,0,72.22,out,T20I # 1837
WI vs IRE,WI,4,Brandon King,62,48,6,1,129.16,not_out,T20I # 1837
WI vs IRE,WI,5,Nicholas Pooran,13,11,0,1,118.18,out,T20I # 1837
WI vs IRE,WI,6,Rovman Powell,6,8,1,0,75.00,out,T20I # 1837
WI vs IRE,WI,7,Odean Smith,19,12,1,2,158.33,not_out,T20I # 1837
WI vs IRE,IRE,1,Paul Stirling,66,48,6,2,137.50,not_out,T20I # 1837
WI vs IRE,IRE,2,Andy Balbirnie,37,23,3,3,160.86,out,T20I # 1837
WI vs IRE,IRE,3,Lorcan Tucker,45,35,2,2,128.57,not_out,T20I # 1837
UAE vs NAM,UAE,1,Muhammad Waseem,50,41,1,3,121.95,out,T20I # 1836
UAE vs NAM,UAE,2,Vriitya Aravind,21,32,2,0,65.62,out,T20I # 1836
UAE vs NAM,UAE,3,Chundangapoyil Rizwan,43,29,3,1,148.27,not_out,T20I # 1836
UAE vs NAM,UAE,4,Alishan Sharafu,4,4,0,0,100.00,out,T20I # 1836
UAE vs NAM,UAE,5,Basil Hameed,25,14,2,2,178.57,not_out,T20I # 1836
UAE vs NAM,NAM,1,Michael van Lingen,10,8,1,0,125.00,out,T20I # 1836
UAE vs NAM,NAM,2,Stephan Baard,4,6,1,0,66.66,out,T20I # 1836
UAE vs NAM,NAM,3,Jan Nicol Loftie-Eaton,1,6,0,0,16.66,out,T20I # 1836
UAE vs NAM,NAM,4,Gerhard Erasmus,16,18,2,0,88.88,out,T20I # 1836
UAE vs NAM,NAM,5,Jan Frylinck,14,17,1,0,82.35,out,T20I # 1836
UAE vs NAM,NAM,6,JJ Smit,3,3,0,0,100.00,out,T20I # 1836
UAE vs NAM,NAM,7,David Wiese,55,36,3,3,152.77,out,T20I # 1836
UAE vs NAM,NAM,8,Zane Green,2,3,0,0,66.66,out,T20I # 1836
UAE vs NAM,NAM,9,Ruben Trumpelmann,25,24,1,1,104.16,not_out,T20I # 1836
UAE vs NAM,NAM,10,Bernard Scholtz,1,1,0,0,100.00,not_out,T20I # 1836
SL vs NED,SL,1,Pathum Nissanka,14,21,0,1,66.66,out,T20I # 1835
SL vs NED,SL,2,Kusal Mendis,79,44,5,5,179.54,out,T20I # 1835
SL vs NED,SL,3,Dhananjaya de Silva,0,1,0,0,0.00,out,T20I # 1835
SL vs NED,SL,4,Charith Asalanka,31,30,3,0,103.33,out,T20I # 1835
SL vs NED,SL,5,Bhanuka Rajapaksa,19,13,2,0,146.15,out,T20I # 1835
SL vs NED,SL,6,Dasun Shanaka,8,5,0,1,160.00,out,T20I # 1835
SL vs NED,SL,7,Wanindu Hasaranga,5,4,0,0,125.00,not_out,T20I # 1835
SL vs NED,SL,8,Chamika Karunaratne,2,2,0,0,100.00,not_out,T20I # 1835
SL vs NED,NED,1,Max O'Dowd,71,53,6,3,133.96,not_out,T20I # 1835
SL vs NED,NED,2,Vikramjit Singh,7,14,0,0,50.00,out,T20I # 1835
SL vs NED,NED,3,Bas de Leede,14,10,1,1,140.00,out,T20I # 1835
SL vs NED,NED,4,Colin Ackermann,0,1,0,0,0.00,out,T20I # 1835
SL vs NED,NED,5,Tom Cooper,16,19,2,0,84.21,out,T20I # 1835
SL vs NED,NED,6,Scott Edwards,21,15,3,0,140.00,out,T20I # 1835
SL vs NED,NED,7,Tim Pringle,2,4,0,0,50.00,out,T20I # 1835
SL vs NED,NED,8,Timm van der Gugten,0,1,0,0,0.00,out,T20I # 1835
SL vs NED,NED,9,Fred Klaassen,3,3,0,0,100.00,out,T20I # 1835
SL vs NED,NED,10,Paul van Meekeren,0,0,0,0,-,out,T20I # 1835
SL vs NED,NED,11,Roelof van der Merwe,0,1,0,0,0.00,not_out,T20I # 1835
WI vs ZIM,WI,1,Kyle Mayers,13,12,2,0,108.33,out,T20I # 1834
WI vs ZIM,WI,2,Johnson Charles,45,36,3,2,125.00,out,T20I # 1834
WI vs ZIM,WI,3,Evin Lewis,15,18,1,0,83.33,out,T20I # 1834
WI vs ZIM,WI,4,Nicholas Pooran,7,9,0,0,77.77,out,T20I # 1834
WI vs ZIM,WI,5,Rovman Powell,28,21,1,2,133.33,out,T20I # 1834
WI vs ZIM,WI,6,Shamarh Brooks,0,3,0,0,0.00,out,T20I # 1834
WI vs ZIM,WI,7,Jason Holder,4,3,0,0,133.33,out,T20I # 1834
WI vs ZIM,WI,8,Akeal Hosein,23,18,2,0,127.77,not_out,T20I # 1834
WI vs ZIM,WI,9,Odean Smith,1,2,0,0,50.00,not_out,T20I # 1834
WI vs ZIM,ZIM,1,Wessly Madhevere,27,19,3,1,142.10,out,T20I # 1834
WI vs ZIM,ZIM,2,Regis Chakabva,13,9,3,0,144.44,out,T20I # 1834
WI vs ZIM,ZIM,3,Tony Munyonga,2,6,0,0,33.33,out,T20I # 1834
WI vs ZIM,ZIM,4,Sean Williams,1,2,0,0,50.00,out,T20I # 1834
WI vs ZIM,ZIM,5,Sikandar Raza,14,8,1,1,175.00,out,T20I # 1834
WI vs ZIM,ZIM,6,Milton Shumba,2,9,0,0,22.22,out,T20I # 1834
WI vs ZIM,ZIM,7,Ryan Burl,17,19,3,0,89.47,out,T20I # 1834
WI vs ZIM,ZIM,8,Luke Jongwe,29,22,3,1,131.81,out,T20I # 1834
WI vs ZIM,ZIM,9,Richard Ngarava,2,6,0,0,33.33,out,T20I # 1834
WI vs ZIM,ZIM,10,Tendai Chatara,3,8,0,0,37.50,out,T20I # 1834
WI vs ZIM,ZIM,11,Blessing Muzarabani,1,4,0,0,25.00,not_out,T20I # 1834
SCOT vs IRE,SCOT,1,George Munsey,1,2,0,0,50.00,out,T20I # 1833
SCOT vs IRE,SCOT,2,Michael Jones,86,55,6,4,156.36,out,T20I # 1833
SCOT vs IRE,SCOT,3,Matthew Cross,28,21,5,0,133.33,out,T20I # 1833
SCOT vs IRE,SCOT,4,Richie Berrington,37,27,3,1,137.03,out,T20I # 1833
SCOT vs IRE,SCOT,5,Michael Leask,17,13,2,0,130.76,not_out,T20I # 1833
SCOT vs IRE,SCOT,6,Calum MacLeod,0,3,0,0,0.00,out,T20I # 1833
SCOT vs IRE,IRE,1,Paul Stirling,8,10,1,0,80.00,out,T20I # 1833
SCOT vs IRE,IRE,2,Andy Balbirnie,14,12,2,0,116.66,out,T20I # 1833
SCOT vs IRE,IRE,3,Lorcan Tucker,20,17,2,0,117.64,out,T20I # 1833
SCOT vs IRE,IRE,4,Harry Tector,14,16,1,0,87.50,out,T20I # 1833
SCOT vs IRE,IRE,5,Curtis Campher,72,32,7,2,225.00,not_out,T20I # 1833
SCOT vs IRE,IRE,6,George Dockrell,39,27,4,1,144.44,not_out,T20I # 1833
SL vs UAE,SL,1,Pathum Nissanka,74,60,6,2,123.33,out,T20I # 1832
SL vs UAE,SL,2,Kusal Mendis,18,13,2,0,138.46,out,T20I # 1832
SL vs UAE,SL,3,Dhananjaya de Silva,33,21,3,1,157.14,out,T20I # 1832
SL vs UAE,SL,4,Bhanuka Rajapaksa,5,8,0,0,62.50,out,T20I # 1832
SL vs UAE,SL,5,Charith Asalanka,0,1,0,0,0.00,out,T20I # 1832
SL vs UAE,SL,6,Dasun Shanaka,0,1,0,0,0.00,out,T20I # 1832
SL vs UAE,SL,7,Wanindu Hasaranga,2,3,0,0,66.66,out,T20I # 1832
SL vs UAE,SL,8,Chamika Karunaratne,8,11,1,0,72.72,out,T20I # 1832
SL vs UAE,SL,9,Pramod Madushan,1,1,0,0,100.00,not_out,T20I # 1832
SL vs UAE,SL,10,Dushmantha Chameera,1,1,0,0,100.00,not_out,T20I # 1832
SL vs UAE,UAE,1,Muhammad Waseem,2,4,0,0,50.00,out,T20I # 1832
SL vs UAE,UAE,2,Chirag Suri,14,19,3,0,73.68,out,T20I # 1832
SL vs UAE,UAE,3,Aryan Lakra,1,3,0,0,33.33,out,T20I # 1832
SL vs UAE,UAE,4,Chundangapoyil Rizwan,1,3,0,0,33.33,out,T20I # 1832
SL vs UAE,UAE,5,Vriitya Aravind,9,18,1,0,50.00,out,T20I # 1832
SL vs UAE,UAE,6,Basil Hameed,2,6,0,0,33.33,out,T20I # 1832
SL vs UAE,UAE,7,Aayan Afzal Khan,19,21,1,0,90.47,out,T20I # 1832
SL vs UAE,UAE,8,Kashif Daud,0,4,0,0,0.00,out,T20I # 1832
SL vs UAE,UAE,9,Karthik Meiyappan,4,8,0,0,50.00,out,T20I # 1832
SL vs UAE,UAE,10,Junaid Siddique,18,16,1,1,112.50,out,T20I # 1832
SL vs UAE,UAE,11,Zahoor Khan,1,1,0,0,100.00,not_out,T20I # 1832
NAM vs NED,NAM,1,Michael van Lingen,20,19,3,0,105.26,out,T20I # 1830
NAM vs NED,NAM,2,Divan la Cock,0,2,0,0,0.00,out,T20I # 1830
NAM vs NED,NAM,3,Stephan Baard,19,22,0,0,86.36,out,T20I # 1830
NAM vs NED,NAM,4,Jan Nicol Loftie-Eaton,0,2,0,0,0.00,out,T20I # 1830
NAM vs NED,NAM,5,Jan Frylinck,43,48,1,1,89.58,out,T20I # 1830
NAM vs NED,NAM,6,Gerhard Erasmus,16,18,0,0,88.88,out,T20I # 1830
NAM vs NED,NAM,7,David Wiese,11,5,1,0,220.00,not_out,T20I # 1830
NAM vs NED,NAM,8,JJ Smit,5,4,1,0,125.00,not_out,T20I # 1830
NAM vs NED,NED,1,Max O'Dowd,35,35,1,1,100.00,out,T20I # 1830
NAM vs NED,NED,2,Vikramjit Singh,39,31,3,2,125.80,out,T20I # 1830
NAM vs NED,NED,3,Bas de Leede,30,30,2,0,100.00,not_out,T20I # 1830
NAM vs NED,NED,4,Tom Cooper,6,6,1,0,100.00,out,T20I # 1830
NAM vs NED,NED,5,Colin Ackermann,0,2,0,0,0.00,out,T20I # 1830
NAM vs NED,NED,6,Scott Edwards,1,5,0,0,20.00,out,T20I # 1830
NAM vs NED,NED,7,Tim Pringle,8,9,0,0,88.88,not_out,T20I # 1830
ZIM vs IRE,ZIM,1,Regis Chakabva,0,2,0,0,0.00,out,T20I # 1828
ZIM vs IRE,ZIM,2,Craig Ervine,9,12,1,0,75.00,out,T20I # 1828
ZIM vs IRE,ZIM,3,Wessly Madhevere,22,19,4,0,115.78,out,T20I # 1828
ZIM vs IRE,ZIM,4,Sean Williams,12,11,0,1,109.09,out,T20I # 1828
ZIM vs IRE,ZIM,5,Sikandar Raza,82,48,5,5,170.83,out,T20I # 1828
ZIM vs IRE,ZIM,6,Milton Shumba,16,14,1,0,114.28,out,T20I # 1828
ZIM vs IRE,ZIM,7,Ryan Burl,1,4,0,0,25.00,out,T20I # 1828
ZIM vs IRE,ZIM,8,Luke Jongwe,20,10,3,0,200.00,not_out,T20I # 1828
ZIM vs IRE,IRE,1,Paul Stirling,0,2,0,0,0.00,out,T20I # 1828
ZIM vs IRE,IRE,2,Andy Balbirnie,3,4,0,0,75.00,out,T20I # 1828
ZIM vs IRE,IRE,3,Lorcan Tucker,11,11,2,0,100.00,out,T20I # 1828
ZIM vs IRE,IRE,4,Harry Tector,1,4,0,0,25.00,out,T20I # 1828
ZIM vs IRE,IRE,5,Curtis Campher,27,22,1,0,122.72,out,T20I # 1828
ZIM vs IRE,IRE,6,George Dockrell,24,20,3,0,120.00,out,T20I # 1828
ZIM vs IRE,IRE,7,Gareth Delany,24,20,1,1,120.00,out,T20I # 1828
ZIM vs IRE,IRE,8,Mark Adair,9,10,0,1,90.00,out,T20I # 1828
ZIM vs IRE,IRE,9,Simi Singh,0,1,0,0,0.00,out,T20I # 1828
ZIM vs IRE,IRE,10,Barry McCarthy,22,16,1,2,137.50,not_out,T20I # 1828
ZIM vs IRE,IRE,11,Josh Little,7,11,1,0,63.63,not_out,T20I # 1828
SCOT vs WI,SCOT,1,George Munsey,66,53,9,0,124.52,not_out,T20I # 1826
SCOT vs WI,SCOT,2,Michael Jones,20,17,3,0,117.64,out,T20I # 1826
SCOT vs WI,SCOT,3,Matthew Cross,3,5,0,0,60.00,out,T20I # 1826
SCOT vs WI,SCOT,4,Richie Berrington,16,14,0,1,114.28,out,T20I # 1826
SCOT vs WI,SCOT,5,Calum MacLeod,23,14,4,0,164.28,out,T20I # 1826
SCOT vs WI,SCOT,6,Michael Leask,4,6,0,0,66.66,out,T20I # 1826
SCOT vs WI,SCOT,7,Chris Greaves,16,11,2,0,145.45,not_out,T20I # 1826
SCOT vs WI,WI,1,Kyle Mayers,20,13,3,1,153.84,out,T20I # 1826
SCOT vs WI,WI,2,Evin Lewis,14,13,1,1,107.69,out,T20I # 1826
SCOT vs WI,WI,3,Brandon King,17,15,3,0,113.33,out,T20I # 1826
SCOT vs WI,WI,4,Nicholas Pooran,5,9,0,0,55.55,out,T20I # 1826
SCOT vs WI,WI,5,Shamarh Brooks,4,9,0,0,44.44,out,T20I # 1826
SCOT vs WI,WI,6,Rovman Powell,5,6,0,0,83.33,out,T20I # 1826
SCOT vs WI,WI,7,Jason Holder,38,33,4,1,115.15,out,T20I # 1826
SCOT vs WI,WI,8,Akeal Hosein,1,1,0,0,100.00,out,T20I # 1826
SCOT vs WI,WI,9,Alzarri Joseph,0,1,0,0,0.00,out,T20I # 1826
SCOT vs WI,WI,10,Odean Smith,5,8,0,0,62.50,out,T20I # 1826
SCOT vs WI,WI,11,Obed McCoy,2,3,0,0,66.66,not_out,T20I # 1826
UAE vs NED,UAE,1,Chirag Suri,12,20,1,0,60.00,out,T20I # 1825
UAE vs NED,UAE,2,Muhammad Waseem,41,47,1,2,87.23,out,T20I # 1825
UAE vs NED,UAE,3,Kashif Daud,15,14,0,1,107.14,out,T20I # 1825
UAE vs NED,UAE,4,Vriitya Aravind,18,21,0,0,85.71,out,T20I # 1825
UAE vs NED,UAE,5,Zawar Farid,2,4,0,0,50.00,out,T20I # 1825
UAE vs NED,UAE,6,Basil Hameed,4,4,1,0,100.00,out,T20I # 1825
UAE vs NED,UAE,7,Chundangapoyil Rizwan,1,2,0,0,50.00,out,T20I # 1825
UAE vs NED,UAE,8,Aayan Afzal Khan,5,7,0,0,71.42,out,T20I # 1825
UAE vs NED,UAE,9,Karthik Meiyappan,0,0,0,0,-,not_out,T20I # 1825
UAE vs NED,UAE,10,Junaid Siddique,0,1,0,0,0.00,not_out,T20I # 1825
UAE vs NED,NED,1,Vikramjit Singh,10,7,2,0,142.85,out,T20I # 1825
UAE vs NED,NED,2,Max O'Dowd,23,18,3,1,127.77,out,T20I # 1825
UAE vs NED,NED,3,Bas de Leede,14,18,1,0,77.77,out,T20I # 1825
UAE vs NED,NED,4,Colin Ackermann,17,19,1,0,89.47,out,T20I # 1825
UAE vs NED,NED,5,Tom Cooper,8,16,0,0,50.00,out,T20I # 1825
UAE vs NED,NED,6,Scott Edwards,16,19,0,0,84.21,not_out,T20I # 1825
UAE vs NED,NED,7,Roelof van der Merwe,0,2,0,0,0.00,out,T20I # 1825
UAE vs NED,NED,8,Tim Pringle,15,16,0,0,93.75,out,T20I # 1825
UAE vs NED,NED,9,Logan van Beek,4,4,0,0,100.00,not_out,T20I # 1825
NAM vs SL,NAM,1,Michael van Lingen,3,6,0,0,50.00,out,T20I # 1823
NAM vs SL,NAM,2,Divan la Cock,9,9,1,0,100.00,out,T20I # 1823
NAM vs SL,NAM,3,Jan Nicol Loftie-Eaton,20,12,1,2,166.66,out,T20I # 1823
NAM vs SL,NAM,4,Stephan Baard,26,24,2,0,108.33,out,T20I # 1823
NAM vs SL,NAM,5,Gerhard Erasmus,20,24,0,0,83.33,out,T20I # 1823
NAM vs SL,NAM,6,Jan Frylinck,44,28,4,0,157.14,out,T20I # 1823
NAM vs SL,NAM,7,David Wiese,0,1,0,0,0.00,out,T20I # 1823
NAM vs SL,NAM,8,JJ Smit,31,16,2,2,193.75,not_out,T20I # 1823
NAM vs SL,SL,1,Pathum Nissanka,9,10,1,0,90.00,out,T20I # 1823
NAM vs SL,SL,2,Kusal Mendis,6,6,0,0,100.00,out,T20I # 1823
NAM vs SL,SL,3,Dhananjaya de Silva,12,11,1,0,109.09,out,T20I # 1823
NAM vs SL,SL,4,Danushka Gunathilaka,0,1,0,0,0.00,out,T20I # 1823
NAM vs SL,SL,5,Bhanuka Rajapaksa,20,21,2,0,95.23,out,T20I # 1823
NAM vs SL,SL,6,Dasun Shanaka,29,23,2,1,126.08,out,T20I # 1823
NAM vs SL,SL,7,Wanindu Hasaranga,4,8,0,0,50.00,out,T20I # 1823
NAM vs SL,SL,8,Chamika Karunaratne,5,8,0,0,62.50,out,T20I # 1823
NAM vs SL,SL,9,Pramod Madushan,0,0,0,0,-,out,T20I # 1823
NAM vs SL,SL,10,Dushmantha Chameera,8,15,0,0,53.33,out,T20I # 1823
NAM vs SL,SL,11,Maheesh Theekshana,11,11,0,1,100.00,not_out,T20I # 1823
